<?xml version="1.0" encoding="UTF-8"?>
<!-- Product.hbm.xml -->
<!DOCTYPE hibernate-mapping PUBLIC "-//Hibernate/Hibernate Mapping DTD 3.0//EN" "http://hibernate.sourceforge.net/hibernate-mapping-3.0.dtd">
<hibernate-mapping package="com.ecommerce">

    <class name="Product" table="product">
        <id name="id" column="id">
            <generator class="native"/>
        </id>
        <property name="productName" column="product_name" />
        <property name="productPrice" column="product_price" />
        <property name="productDescription" column="product_description" />
        <!-- Add more properties as needed -->

    </class>

</hibernate-mapping>
